<?xml version="1.0" encoding="UTF-8"?>
<ebaf-spec-config>
	<!-- page view settings -->
	<ebaf-spec-global-settings>
		<home-page value="1" />
		<hidden-block value="" />
		<collapse-on-error value="Y" />
	</ebaf-spec-global-settings>

	<!-- config testing txbean request, 
		 and parsing txbean name and action (auto-choose by xml or by annotation) -->
	<txbean-request>
		<url>SysLogin/prompt</url>
		<txbean-name>SysLogin</txbean-name>
		<txbean-action>prompt</txbean-action>
	</txbean-request>
	
	<!-- ignore error connection name, seperate by colon -->
	<db-connection>
		<ignore-list></ignore-list>
	</db-connection>
	
	<!-- eBAF properties important key, ignore if is true -->
	<ebaf-properties>
		<property>
			<key>com.cathay.zz.trx.SysLogin.currPlatform</key>
			<ignore>true</ignore>
		</property>
		<property>
			<key>com.cathay.common.util.samlSwitchOn</key>
			<ignore>true</ignore>
		</property>
		<property>
			<key>ebaf.QUERY_MAX_SIZE</key>
			<ignore>true</ignore>
		</property>
		<property>
			<key>com.cathay.rpt.RptUtils.createPDFFile.requestURL</key>
		</property>
		<property>
			<key>com.cathay.rpt.CsvUtils.saveRoot</key>
		</property>
		<property>
			<key>com.cathay.common.util.EncodingHelper.encoding.server</key>
			<ignore>true</ignore>
		</property>
	</ebaf-properties>
	
	<!-- settings of test SqlProxyManager -->
	<sql-proxy-manager>
		<code-name>com.cathay.common.service.authenticate01</code-name>
		<code-name>com.cathay.common.trx.UCBean.1</code-name>
		<code-name>com.cathay.common.util.batch.ErrorLog.001</code-name>
	</sql-proxy-manager>
	
	<!-- show JVM init arguments -->
	<jvm-arguments>
		<argument>-Xms</argument>
		<argument>-Xmx</argument>
		<argument>-Dfile.encoding</argument>
		<argument>-Ddefault.client.encoding</argument>
		<argument>-Dhttps.protocols</argument>
	</jvm-arguments>
	
</ebaf-spec-config>